aid,field,pub_date,snap_ts,downloads,abstract_views
2360737,Economics; Econometrics and Finance,2013-01-01,20250531113524,171,2480
2529759,Economics; Econometrics and Finance,2014-01-01,20250426112930,36,394
4175034,Engineering,2022-01-01,20250505174311,12,145
2312026,Economics; Econometrics and Finance,2012-01-01,20250425215700,100,1094
2561534,Social Sciences,2015-01-01,20260126043915,129,1111
4301920,Engineering,2022-01-01,20250506152119,33,188
4784957,Computer Science,2024-01-01,20240914214059,19,98
4139742,Social Sciences,2022-01-01,20250505091725,18,138
2005252,Social Sciences,2012-01-01,20240419133511,521,3001
3994510,Engineering,2021-01-01,20250506191143,23,263
1268230,Economics; Econometrics and Finance,2008-01-01,20240914202646,312,1901
1941018,Social Sciences,2011-01-01,20250425173705,52,527
2764989,Social Sciences,2015-01-01,20240423095508,80,530
5101530,Biochemistry; Genetics and Molecular Biology,2025-01-01,20250430131821,30,129
1470635,Business; Management and Accounting,2009-01-01,20221121044234,74,676
4221803,Chemical Engineering,2022-01-01,20250507030541,27,181
2858903,Business; Management and Accounting,2016-01-01,20251111094738,150,1268
4116194,Environmental Science,2022-01-01,20250505092034,35,244
2497218,Economics; Econometrics and Finance,2014-01-01,20250516022912,380,3481
3986417,Social Sciences,2022-02-11,20260809033130,289,1637
5241244,Environmental Science,2025-01-01,20251206180342,381,2913
4870082,Chemistry,2024-01-01,20250430130749,5,63
4941404,Environmental Science,2024-01-01,20250118181745,85,161
4858326,Engineering,2024-01-01,20250618185523,8,94
4769214,Environmental Science,2024-01-01,20250429111212,26,131
4913032,Engineering,2024-01-01,20250429110241,19,55
4542446,Engineering,2023-01-01,20250504135336,15,133
4895003,Engineering,2024-01-01,20250617214357,31,231
4109718,Economics; Econometrics and Finance,2022-01-01,20260107070736,235,1789
5130884,Environmental Science,2025-01-01,20250429164331,51,148
4161847,Environmental Science,2022-01-01,20250507163704,19,194
5071263,Mathematics,2024-01-01,20250429201210,31,124
2387027,Economics; Econometrics and Finance,2014-01-01,20250426065252,155,1207
4797913,Engineering,2024-01-01,20250429103355,20,101
4581187,Materials Science,2023-01-01,20250503143950,49,241
5255377,Business; Management and Accounting,2025-01-01,20250521133100,6,38
3191394,Social Sciences,2018-01-01,20220321160131,45,272
2277812,Economics; Econometrics and Finance,2013-01-01,20260109012415,283,2556
4508268,Business; Management and Accounting,2023-01-01,20251111073624,1427,5009
4058009,Engineering,2022-01-01,20250505103652,92,373
466820,Economics; Econometrics and Finance,2004-01-01,20250425191511,252,1617
965608,Business; Management and Accounting,2007-01-01,20260111195411,274,2658
5070362,Materials Science,2024-01-01,20250430060658,8,51
4037775,Social Sciences,2022-01-01,20250505232314,141,259
5617140,Social Sciences,2025-01-01,20251020000009,7,30
4701006,Engineering,2024-01-01,20250619084116,24,129
4834727,Decision Sciences,2024-01-01,20250429130548,13,106
4293625,Business; Management and Accounting,2022-01-01,20250505210617,16,305
4833212,Medicine,2024-01-01,20250707061558,23,175
3612941,Economics; Econometrics and Finance,2020-01-01,20241211092127,115,797
4848550,Engineering,2024-01-01,20250430081956,16,50
1946094,Economics; Econometrics and Finance,2011-01-01,20250426105230,111,1023
5050389,Materials Science,2024-01-01,20250430115405,14,72
921067,Psychology,2006-01-01,20250506233020,228,1410
4311421,Computer Science,2022-01-01,20250505153210,71,423
4362425,Physics and Astronomy,2023-01-01,20250504223918,45,154
4772180,Energy,2024-01-01,20250429170650,22,164
5232247,Biochemistry; Genetics and Molecular Biology,2025-01-01,20251113132341,36,259
3522406,Social Sciences,2020-01-01,20240724005746,143,639
3925237,Social Sciences,2021-01-01,20250506194414,121,739
2906378,Computer Science,2017-01-01,20250426213929,102,872
4048704,Materials Science,2022-01-01,20250507051431,145,429
5799239,Materials Science,2025-01-01,20251127133938,4,18
4757722,Environmental Science,2024-01-01,20240428145514,5,42
922775,Business; Management and Accounting,2006-01-01,20180603140712,3,47
4521582,Engineering,2023-01-01,20250503235232,25,166
5257828,Engineering,2025-01-01,20250522203006,1,13
1392304,Business; Management and Accounting,2011-01-01,20250426141302,482,2821
3502780,Social Sciences,2019-01-01,20250826194855,130,907
3306590,Economics; Econometrics and Finance,2018-01-01,20250514140018,106,708
2184720,Environmental Science,2012-01-01,20200325035508,217,1348
4638324,Medicine,2023-01-01,20250503111210,49,203
4291605,Social Sciences,2022-01-01,20250506073004,48,175
3816985,Environmental Science,2021-01-01,20250506041605,78,473
4592520,Engineering,2023-01-01,20240412224929,10,65
3722610,Social Sciences,2020-01-01,20250506184434,119,513
2735942,Business; Management and Accounting,2016-01-01,20250601080315,65,640
4898348,Arts and Humanities,2024-01-01,20260426010034,50,343
3866551,Agricultural and Biological Sciences,2021-01-01,20251028162027,153,1886
4724749,Social Sciences,2024-01-01,20251231041116,61,667
1971275,Social Sciences,2011-01-01,20240610101451,173,1281
4402993,Computer Science,2023-01-01,20251116020649,48,234
5252627,Physics and Astronomy,2025-01-01,20250529175721,1,41
4499231,Biochemistry; Genetics and Molecular Biology,2023-01-01,20250503235127,100,620
4855084,Engineering,2024-01-01,20250430180138,59,277
4272803,Materials Science,2022-01-01,20221127013233,5,140
4764299,Social Sciences,2024-01-01,20250430003313,76,369
1091249,Economics; Econometrics and Finance,2008-01-01,20250221130608,269,1850
4358398,Engineering,2023-01-01,20250429102425,56,242
4155307,Computer Science,2022-01-01,20250506150653,28,201
4779111,Business; Management and Accounting,2024-01-01,20250429212943,190,550
3121905,Social Sciences,2018-01-01,20250629164423,1069,3912
5131897,Biochemistry; Genetics and Molecular Biology,2025-01-01,20250501165821,14,87
645381,Economics; Econometrics and Finance,2005-01-01,20250816065745,226,2321
4624613,Business; Management and Accounting,2023-01-01,20250123094344,23,106
4476386,Engineering,2023-01-01,20250503163523,10,97
1433,Engineering,1996-01-01,20250426162718,178,1210
983728,Social Sciences,2007-01-01,20251024142347,1401,8313
3140837,Economics; Econometrics and Finance,2018-01-01,20250425160103,14216,42849
4978036,Environmental Science,2024-01-01,20250429233808,12,100
4054872,Economics; Econometrics and Finance,2022-01-01,20250521213319,292,1265
4481718,Materials Science,2023-01-01,20240422092245,36,124
2586128,Business; Management and Accounting,2015-01-01,20250425221141,354,1958
2766934,Economics; Econometrics and Finance,2016-01-01,20250927203046,151,1201
4852305,Earth and Planetary Sciences,2024-01-01,20250615182711,9,101
4653902,Materials Science,2023-01-01,20250617052122,40,268
2305136,Economics; Econometrics and Finance,2013-01-01,20251104142052,1310,7857
3629801,Business; Management and Accounting,2020-01-01,20260621124008,664,2665
5075329,Social Sciences,2025-01-01,20251023000442,86,1283
4465671,Engineering,2023-01-01,20260114034018,71,539
4927128,Computer Science,2024-01-01,20250618041349,228,651
4482868,Social Sciences,2023-01-01,20250504023634,58,282
5093821,Computer Science,2025-01-01,20250502093050,41,125
4791264,Engineering,2024-01-01,20250501074757,26,123
4893481,Psychology,2024-01-01,20250617213150,85,339
4075669,Environmental Science,2022-01-01,20220515024332,4,33
4008694,Engineering,2022-01-01,20240711035532,89,269
3742724,Business; Management and Accounting,2020-01-01,20250507173519,571,1344
4133109,Chemical Engineering,2022-01-01,20250505235837,28,138
4227596,Materials Science,2022-01-01,20250505131448,58,284
2803107,Economics; Econometrics and Finance,2016-01-01,20250425161303,120,809
3966551,Computer Science,2021-01-01,20251226003407,354,1754
4072493,Medicine,2022-01-01,20250506001841,19,184
2661881,Business; Management and Accounting,2015-01-01,20260102082225,908,4290
5139175,Engineering,2025-01-01,20250429142029,3,61
4620909,Engineering,2023-01-01,20250504010105,38,142
1750729,Social Sciences,2010-01-01,20250912002925,70,924
1119963,Social Sciences,2008-01-01,20250426223957,8,79
3777247,Social Sciences,2019-01-01,20250506192420,54,293
3306880,Economics; Econometrics and Finance,2018-01-01,20250513004135,73,796
2025887,Social Sciences,2012-01-01,20250427074701,189,1110
3155551,Biochemistry; Genetics and Molecular Biology,2018-01-01,20240424232958,56,652
1843364,Social Sciences,2011-01-01,20250529082053,332,2298
3878375,Economics; Econometrics and Finance,2021-01-01,20250506175051,863,3629
4978232,Engineering,2024-01-01,20250430095650,37,114
2834215,Social Sciences,2016-01-01,20250506223208,172,1705
4727359,Business; Management and Accounting,2024-01-01,20240425083738,15,81
5726143,Economics; Econometrics and Finance,2025-01-01,20251226114835,6,26
5041539,Engineering,2024-01-01,20250502075931,16,106
914476,Decision Sciences,2006-01-01,20250514115609,310,2014
4455535,Agricultural and Biological Sciences,2023-01-01,20250504114234,22,169
4967225,Environmental Science,2024-01-01,20250430130808,28,78
1645999,Business; Management and Accounting,2010-01-01,20250426224259,72,443
3980403,Agricultural and Biological Sciences,2021-01-01,20250505181824,74,297
4387645,Social Sciences,2023-01-01,20250503090118,122,556
4871473,Agricultural and Biological Sciences,2024-01-01,20250430101621,13,70
2551447,Economics; Econometrics and Finance,2014-01-01,20250427075720,157,1503
2198696,Economics; Econometrics and Finance,2013-01-01,20250712210841,66,705
97608,Economics; Econometrics and Finance,1998-01-01,20250425233754,86,994
4699025,Psychology,2024-01-01,20240809201619,33,189
996585,Economics; Econometrics and Finance,2007-01-01,20250426064600,137,1275
4159329,Biochemistry; Genetics and Molecular Biology,2022-01-01,20250506081327,37,209
3813628,Engineering,2021-01-01,20241126072226,1091,2771
5007761,Business; Management and Accounting,2025-01-01,20250429123125,76,411
4987279,Physics and Astronomy,2024-01-01,20250619205450,78,422
4347891,Earth and Planetary Sciences,2023-01-01,20250503101309,58,225
3760307,Business; Management and Accounting,2021-01-01,20250506205046,95,406
882509,Business; Management and Accounting,2006-01-01,20251228040242,330,2540
3532468,Social Sciences,2020-01-01,20251015174736,84,532
5626173,Arts and Humanities,2025-01-01,20251023073556,1,21
4357153,Environmental Science,2023-01-01,20250504015308,18,105
4368001,Engineering,2023-01-01,20250503224857,111,372
4837954,Engineering,2024-01-01,20250429154308,11,78
1687576,Economics; Econometrics and Finance,2010-01-01,20250331081952,59,778
3437620,Social Sciences,2019-01-01,20250510183640,627,2219
949813,Business; Management and Accounting,2006-01-01,20251104005022,188,1301
2233223,Psychology,2013-01-01,20240905005715,232,1082
951795,Economics; Econometrics and Finance,2006-01-01,20250426013950,289,3158
5084092,Engineering,2025-01-01,20250429160740,46,206
5235873,Social Sciences,2025-01-01,20250531132107,21,138
4896607,Social Sciences,2024-01-01,20250910102157,32,386
5249738,Computer Science,2025-01-01,20250514233539,3,45
1972157,Economics; Econometrics and Finance,2011-01-01,20260122130506,92,1404
4306137,Agricultural and Biological Sciences,2022-01-01,20250505100518,26,160
4784637,Environmental Science,2024-01-01,20241211044325,15,90
648601,Business; Management and Accounting,2005-01-01,20221222010318,152,1389
4336577,Materials Science,2023-01-01,20250503090148,23,159
942016,Economics; Econometrics and Finance,2006-01-01,20251228173300,388,2359
5552760,Social Sciences,2025-01-01,20251120185336,21,173
275968,Mathematics,2001-01-01,20250426003133,254,1631
1957156,Social Sciences,2011-01-01,20250426015926,82,854
4226399,Economics; Econometrics and Finance,2022-01-01,20250505045611,65,394
3968973,Materials Science,2021-01-01,20250508231800,28,380
3805239,Engineering,2021-01-01,20240710160151,54,348
4543168,Engineering,2023-01-01,20251012165213,33,218
334121,Social Sciences,2002-01-01,20260124185420,1923,11365
2229690,Business; Management and Accounting,2013-01-01,20260311082346,263,3081
4444422,Engineering,2023-01-01,20240423013949,22,104
3722335,Social Sciences,2020-01-01,20241108184708,78,287
4863229,Engineering,2024-01-01,20250430101600,26,117
282954,Social Sciences,2001-01-01,20250425173759,260,1862
1624873,Computer Science,2010-01-01,20240710221923,86,1133
4649051,Physics and Astronomy,2023-01-01,20250503213359,25,101
4297035,Engineering,2022-01-01,20250505102325,72,330
3351206,Economics; Econometrics and Finance,2019-01-01,20250510103237,1106,2102
5235662,Medicine,2025-01-01,20250508144335,9,48
4976201,Economics; Econometrics and Finance,2024-01-01,20250429194034,15,79
5205648,Engineering,2025-01-01,20250429131450,5,65
3753809,Business; Management and Accounting,2020-01-01,20250506155835,454,2392
3523910,Economics; Econometrics and Finance,2020-01-01,20260307220333,544,3418
2792085,Business; Management and Accounting,2016-01-01,20250714160243,880,4228
4067940,Materials Science,2022-01-01,20250505184357,89,321
5114935,Social Sciences,2025-01-01,20250429223943,232,669
4442668,Environmental Science,2023-01-01,20240422165131,11,62
3479783,Social Sciences,2019-01-01,20250510110249,312,1196
5227698,Business; Management and Accounting,2025-01-01,20250523113149,30,118
4402519,Energy,2023-01-01,20250503204507,16,146
4668492,Chemical Engineering,2023-01-01,20250504175910,12,168
5361163,Social Sciences,2025-01-01,20260103002732,68,1169
5130189,Economics; Econometrics and Finance,2025-01-01,20250429133349,18,70
747904,Social Sciences,2005-01-01,20250812102957,578,3187
5085687,Computer Science,2025-01-01,20250501163201,42,219
4737199,Economics; Econometrics and Finance,2024-01-01,20250903235559,302,978
3523188,Economics; Econometrics and Finance,2020-01-01,20250507014312,90,587
4997536,Chemistry,2024-01-01,20250430135342,31,153
281908,Economics; Econometrics and Finance,2001-01-01,20250427131501,252,1951
4780650,Engineering,2024-01-01,20250430132735,33,151
2232069,Social Sciences,2013-01-01,20250426125709,48,774
4766644,Materials Science,2024-01-01,20250619105052,5,101
4589827,Business; Management and Accounting,2023-01-01,20250504002242,84,330
4069734,Earth and Planetary Sciences,2022-01-01,20240416182901,21,121
2551211,Social Sciences,2013-01-01,20251025203615,108,1205
4187588,Engineering,2022-01-01,20250505203154,25,146
4650258,Materials Science,2023-01-01,20250505003203,16,147
3794811,Health Professions,2021-01-01,20240817185432,266,1536
3282312,Mathematics,2018-01-01,20241221004302,87,1070
5113316,Computer Science,2025-01-01,20250430122926,13,96
4123926,Engineering,2022-01-01,20250505121111,47,206
4352120,Economics; Econometrics and Finance,2023-01-01,20250503223414,134,506
3018243,Business; Management and Accounting,2017-01-01,20250426002946,238,1290
4161754,Economics; Econometrics and Finance,2022-01-01,20240406053600,59,304
1259697,Social Sciences,2008-01-01,20250426235610,553,2911
1752663,Economics; Econometrics and Finance,2011-01-01,20250426010934,130,991
4733392,Health Professions,2024-01-01,20250430210038,184,808
2220380,Social Sciences,2013-01-01,20260611154656,1441,8928
4092423,Environmental Science,2022-01-01,20250505083015,22,186
5084574,Computer Science,2025-01-01,20250429163603,29,235
3546247,Economics; Econometrics and Finance,2020-01-01,20250506170530,107,876
4146139,Health Professions,2022-01-01,20250914131219,37,333
5930160,Nursing,2025-01-01,20251226155119,14,72
1033205,Economics; Econometrics and Finance,2007-01-01,20240429152135,142,1342
4876397,Computer Science,2024-01-01,20250430145825,33,157
1081970,Social Sciences,2008-01-01,20250425224356,316,1761
3452255,Economics; Econometrics and Finance,2019-01-01,20260108025108,2026,11309
3590909,Social Sciences,2017-01-01,20250507180717,550,1298
2606423,Economics; Econometrics and Finance,2015-01-01,20250425235556,138,758
5553906,Engineering,2025-01-01,20251013214453,1,25
5668410,Business; Management and Accounting,2025-01-01,20260121152156,20,136
1713045,Business; Management and Accounting,2010-01-01,20250426003034,102,933
2403763,Energy,2014-01-01,20250426153220,54,762
2694998,Decision Sciences,2015-01-01,20260603003144,6595,25978
1163003,Business; Management and Accounting,2008-01-01,20250331135317,851,3482
4398696,Economics; Econometrics and Finance,2023-01-01,20250503180525,60,351
4934078,Energy,2024-01-01,20250429182411,11,157
1615266,Economics; Econometrics and Finance,2010-01-01,20250426144530,160,1990
3599576,Psychology,2019-01-01,20250508100649,136,551
5868629,Materials Science,2025-01-01,20260103100436,3,23
4730016,Materials Science,2024-01-01,20250429190118,22,136
4461960,Decision Sciences,2023-01-01,20250503230528,38,149
4685539,Engineering,2024-01-01,20250502182800,7,88
3832481,Business; Management and Accounting,2021-01-01,20250419090950,58,441
4037458,Social Sciences,2022-01-01,20250506053046,135,628
2781485,Social Sciences,2016-01-01,20250427002320,455,1785
1001228,Economics; Econometrics and Finance,2007-01-01,20251228014557,3588,15551
4957908,Social Sciences,2024-01-01,20251031221443,71,895
1473765,Economics; Econometrics and Finance,2009-01-01,20250506194146,64,887
3947581,Energy,2021-01-01,20250506161156,39,223
5070006,Environmental Science,2025-01-01,20250429175829,50,188
4366504,Engineering,2023-01-01,20250503172937,57,194
4907817,Economics; Econometrics and Finance,2024-01-01,20250429225713,15,92
2582802,Engineering,2015-01-01,20250417183329,123,659
4816953,Neuroscience,2024-01-01,20250430194652,37,247
2702243,Business; Management and Accounting,2015-01-01,20251203103436,498,2258
2569832,Economics; Econometrics and Finance,2015-01-01,20241120231337,131,1892
4042835,Engineering,2022-01-01,20250703123427,53,283
4390581,Engineering,2023-01-01,20250525032820,60,427
4623555,Engineering,2023-01-01,20250503091726,11,117
1924902,Social Sciences,2011-01-01,20250426095518,432,1922
313594,Economics; Econometrics and Finance,2002-01-01,20251219065049,2651,12673
3582693,Agricultural and Biological Sciences,2020-01-01,20250507022132,35,1005
2663754,Social Sciences,2015-01-01,20250506011846,47,592
4719873,Business; Management and Accounting,2024-01-01,20250504122531,105,420
3055081,Business; Management and Accounting,2017-01-01,20250910173547,45,595
1409402,Psychology,2009-01-01,20250426053207,601,2911
4460579,Environmental Science,2023-01-01,20250503210909,100,489
3094542,Arts and Humanities,2017-01-01,20250527083136,1003,3716
3440240,Agricultural and Biological Sciences,2016-01-01,20250510110349,67,592
1947797,Physics and Astronomy,2011-01-01,20250426130116,59,472
5456194,Business; Management and Accounting,2025-01-01,20260117082103,80,852
2758000,Social Sciences,2012-01-01,20250426153614,227,748
4217586,Agricultural and Biological Sciences,2022-01-01,20250505022018,61,458
4037131,Decision Sciences,2022-01-01,20250505171936,48,366
3902384,Business; Management and Accounting,2021-01-01,20250506174835,89,531
3274326,Economics; Econometrics and Finance,2018-01-01,20240710100631,214,999
5096491,Engineering,2025-01-01,20250914153631,27,158
4122871,Engineering,2022-01-01,20230328071553,24,89
4468225,Business; Management and Accounting,2023-01-01,20250503170041,326,1056
5172710,Social Sciences,2025-01-01,20250430004733,5,113
2974368,Business; Management and Accounting,2017-01-01,20250806115248,23,4114
3205848,Decision Sciences,2018-01-01,20251018023535,71,765
3748436,Business; Management and Accounting,2019-01-01,20250911013047,31,376
4363619,Earth and Planetary Sciences,2023-01-01,20250503150648,47,205
2706440,Economics; Econometrics and Finance,2015-01-01,20251106145303,120,1873
5679593,Engineering,2025-01-01,20251119203353,11,72
4210367,Psychology,2022-01-01,20250505183449,35,244
5142311,Medicine,2025-01-01,20250701021720,46,337
6068394,Social Sciences,2026-01-01,20260131105606,6,45
4223286,Computer Science,2022-01-01,20220921052347,5,20
4165735,Social Sciences,2022-01-01,20250505015458,130,777
5707330,Engineering,2025-01-01,20251120223523,6,18
4096829,Economics; Econometrics and Finance,2022-01-01,20251103133938,312,1312
4000319,Environmental Science,2022-01-01,20250505021846,26,187
3959682,Mathematics,2021-01-01,20220125094651,26,95
3497477,Social Sciences,2019-01-01,20240612115552,192,1367
5084346,Environmental Science,2025-01-01,20250501012107,12,164
2117381,Social Sciences,2012-01-01,20250813113236,158,1035
4089137,Computer Science,2022-01-01,20250505111627,119,346
4587913,Engineering,2023-01-01,20250617032237,96,403
1966172,Social Sciences,2011-01-01,20250425190214,74,598
3867692,Economics; Econometrics and Finance,2021-01-01,20250506054705,290,1275
3890015,Business; Management and Accounting,2021-01-01,20250506221240,288,891
3565671,Decision Sciences,2020-01-01,20241106063316,49,703
2980278,Business; Management and Accounting,2017-01-01,20251101194243,78,1307
4770415,Engineering,2024-01-01,20250430034146,22,104
311586,Agricultural and Biological Sciences,2002-01-01,20251108091400,783,4731
4322054,Computer Science,2023-01-01,20250516013751,135,605
1640961,Psychology,2010-01-01,20260606040136,115,1208
1943706,Social Sciences,2011-01-01,20250425171747,82,558
5122158,Pharmacology; Toxicology and Pharmaceutics,2025-01-01,20250429125145,3,117
4748596,Biochemistry; Genetics and Molecular Biology,2024-01-01,20250502162605,23,104
4912328,Engineering,2024-01-01,20250619213121,22,165
2393324,Economics; Econometrics and Finance,2014-01-01,20250426082855,87,753
2636927,Business; Management and Accounting,2015-01-01,20260208075848,4763,13014
4748610,Environmental Science,2024-01-01,20250430081737,33,127
3423413,Economics; Econometrics and Finance,2019-01-01,20250511085729,914,4605
2131406,Social Sciences,2012-01-01,20250426032054,230,891
4965243,Computer Science,2024-01-01,20250909001621,151,732
3817794,Engineering,2021-01-01,20240429060403,67,373
4681974,Energy,2024-01-01,20250430050015,16,160
4234365,Engineering,2022-01-01,20250505113816,55,330
3847692,Economics; Econometrics and Finance,2021-01-01,20250506010618,820,3120
4299461,Economics; Econometrics and Finance,2022-01-01,20250506083135,215,1137
2953960,Social Sciences,2017-01-01,20250425213858,947,3219
5210407,Environmental Science,2025-01-01,20250429215937,17,59
4590185,Engineering,2023-01-01,20240414205119,41,110
2285455,Social Sciences,2013-01-01,20250426064155,35,576
4723765,Dentistry,2024-01-01,20260204073603,123,777
3747276,Arts and Humanities,2020-01-01,20250506152541,47,286
4658071,Agricultural and Biological Sciences,2023-01-01,20250503110724,16,127
5020458,Computer Science,2024-01-01,20250430162907,39,152
3926785,Economics; Econometrics and Finance,2021-01-01,20251210081455,86,544
4311813,Business; Management and Accounting,2023-01-01,20250503215240,144,627
1996693,Economics; Econometrics and Finance,2012-01-01,20241115051505,169,1065
4137374,Medicine,2022-01-01,20250505095731,86,398
4226726,Engineering,2022-01-01,20250507044344,51,292
5146241,Materials Science,2025-01-01,20250429204647,9,52
1814483,Economics; Econometrics and Finance,2011-01-01,20250427131708,172,991
1114346,Social Sciences,2008-01-01,20251127022152,234,1770
5095473,Engineering,2025-01-01,20250502122721,11,98
3997388,Economics; Econometrics and Finance,2019-01-01,20250918161639,122,548
2445476,Social Sciences,2013-01-01,20240918212328,49,557
1770366,Computer Science,2011-01-01,20231203050343,73,999
5704581,Physics and Astronomy,2025-01-01,20251119220531,8,58
5026858,Social Sciences,2024-01-01,20250501105922,28,191
2723249,Arts and Humanities,2016-01-01,20200326222716,12,224
2411542,Medicine,2014-01-01,20250425200710,182,952
787667,Business; Management and Accounting,2005-01-01,20250425145319,127,1002
1945827,Social Sciences,2011-01-01,20250925133236,241,1656
4083968,Environmental Science,2022-01-01,20250505043019,53,421
5003540,Materials Science,2024-01-01,20250502171151,11,42
5132520,Materials Science,2025-01-01,20250430053007,40,79
2974489,Engineering,2017-01-01,20250508065532,3,628
3014376,Social Sciences,2017-01-01,20250426010356,71,517
3510448,Psychology,2019-01-01,20250506165201,41,480
4765009,Economics; Econometrics and Finance,2024-01-01,20250516014602,108,387
4604305,Biochemistry; Genetics and Molecular Biology,2023-01-01,20250506123453,23,139
4116342,Business; Management and Accounting,2022-01-01,20250505155812,49,410
4682813,Economics; Econometrics and Finance,2024-01-01,20250430045446,43,256
3844406,Economics; Econometrics and Finance,2021-01-01,20250822191746,164,796
5806916,Medicine,2025-01-01,20251204044417,7,33
2617120,Social Sciences,2015-01-01,20250426083246,101,960
3919883,Social Sciences,2021-01-01,20250506222312,117,679
296699,Social Sciences,2002-01-01,20250421235156,177,1417
1018513,Economics; Econometrics and Finance,2007-01-01,20250426165927,284,2959
4943288,Energy,2024-01-01,20250430030142,37,121
2588547,Economics; Econometrics and Finance,2015-01-01,20250425215018,858,4569
4930996,Agricultural and Biological Sciences,2024-01-01,20250502162513,24,95
4965576,Energy,2024-01-01,20250616005307,37,162
991356,Business; Management and Accounting,2007-01-01,20250426165253,338,2660
4382247,Social Sciences,2023-01-01,20250503235107,81,318
2576429,Social Sciences,2015-01-01,20250418210328,707,5373
5614286,Materials Science,2025-01-01,20251019233528,2,10
1433277,Business; Management and Accounting,2009-01-01,20221010122606,230,1951
4572637,Agricultural and Biological Sciences,2023-01-01,20240429211549,15,86
5197480,Environmental Science,2025-01-01,20250501084017,16,53
1261923,Economics; Econometrics and Finance,2008-01-01,20251228205342,154,1282
4489633,Health Professions,2023-01-01,20250503111049,35,271
2537430,Business; Management and Accounting,2014-01-01,20251228085838,227,2027
3282462,Social Sciences,2018-01-01,20240916092013,44,513
4206300,Social Sciences,2022-01-01,20250505152201,22,161
2383389,Agricultural and Biological Sciences,2014-01-01,20250910041125,90,716
3567942,Economics; Econometrics and Finance,2020-01-01,20250523085919,1485,5710
4933962,Engineering,2024-01-01,20250430080445,21,70
4000228,Engineering,2022-01-01,20250506123057,23,226
1809801,Economics; Econometrics and Finance,2011-01-01,20260207025334,336,3144
5972694,Social Sciences,2025-01-01,20260106111644,11,55
3604187,Engineering,2020-01-01,20221023233411,172,679
2932205,Business; Management and Accounting,2017-01-01,20180603160009,20,77
4116250,Agricultural and Biological Sciences,2022-01-01,20250506152800,30,163
5589970,Business; Management and Accounting,2025-01-01,20251120200603,11,60
4939628,Engineering,2024-01-01,20250429131030,13,62
3159665,Business; Management and Accounting,2018-01-01,20240522190333,395,2471
2112433,Engineering,2012-01-01,20250425182318,5,113
4820544,Engineering,2024-01-01,20250430195938,12,90
5033451,Engineering,2024-01-01,20250503194356,17,72
3218470,Social Sciences,2018-01-01,20250911062221,122,657
1338760,Business; Management and Accounting,2009-01-01,20240606024417,362,1787
340400,Economics; Econometrics and Finance,2003-01-01,20250425221331,141,1404
3155562,Biochemistry; Genetics and Molecular Biology,2018-01-01,20241218105013,85,599
1276859,Social Sciences,2008-01-01,20250425235658,296,2363
5064781,Computer Science,2025-01-01,20251209210229,827,2885
2808255,Social Sciences,2016-01-01,20250523053443,65,721
4707162,Business; Management and Accounting,2024-01-01,20250429111024,32,149
4591695,Economics; Econometrics and Finance,2023-01-01,20250503142005,50,179
4710715,Materials Science,2024-01-01,20240415092126,11,47
4211035,Computer Science,2022-01-01,20240416112821,42,210
2368115,Arts and Humanities,2013-01-01,20250425233625,135,938
2786012,Social Sciences,2016-01-01,20240619111558,376,1838
3351075,Engineering,2019-01-01,20250511004957,56,548
2671930,Social Sciences,2015-01-01,20250917072907,167,1001
5025345,Engineering,2024-01-01,20250429130323,12,62
4270761,Environmental Science,2022-01-01,20221116052218,1,32
2576758,Social Sciences,2015-01-01,20251110222310,69,810
3478520,Economics; Econometrics and Finance,2019-01-01,20250510102655,202,1352
3167392,Business; Management and Accounting,2018-01-01,20240820195212,120,514
3344990,Business; Management and Accounting,2019-01-01,20250910041603,117,1111
5098006,Engineering,2025-01-01,20250430051507,48,167
1949753,Economics; Econometrics and Finance,2011-01-01,20250516013140,102,932
4084577,Social Sciences,2022-01-01,20260703221814,151,543
3995394,Engineering,2022-01-01,20250508161043,38,256
5054568,Social Sciences,2025-01-01,20251127034014,15,195
4781660,Economics; Econometrics and Finance,2024-01-01,20250617081924,91,436
2278578,Social Sciences,2013-01-01,20251211003722,33,505
4781331,Health Professions,2024-01-01,20250429185044,87,452
3371312,Business; Management and Accounting,2019-01-01,20240712122341,89,709
3972541,Computer Science,2021-01-01,20250506173253,59,310
980886,Business; Management and Accounting,2007-01-01,20250426020238,88,933
2418273,Social Sciences,2014-01-01,20250719093310,169,1594
4566066,Engineering,2023-01-01,20250503171436,29,167
3191056,Social Sciences,2018-01-01,20250911022932,110,868
1919509,Business; Management and Accounting,2011-01-01,20240329161606,219,1242
3925465,Decision Sciences,2021-01-01,20250507091714,37,232
5646830,Economics; Econometrics and Finance,2025-01-01,20251121224741,11,28
4310155,Economics; Econometrics and Finance,2022-01-01,20251111000105,214,1316
4880311,Engineering,2024-01-01,20250619151610,18,149
5631990,Social Sciences,2025-01-01,20251023175659,4,23
5203191,Economics; Econometrics and Finance,2025-01-01,20250430090903,14,89
3872128,Economics; Econometrics and Finance,2021-01-01,20251228192246,265,1634
2034256,Economics; Econometrics and Finance,2012-01-01,20251230070628,156,1482
2235359,Economics; Econometrics and Finance,2013-01-01,20250426114228,4391,21272
1266504,Economics; Econometrics and Finance,2008-01-01,20250217022347,148,1302
4000676,Psychology,2022-01-01,20220128125032,12,170
2800297,Business; Management and Accounting,2021-01-01,20250506185859,33,311
4859540,Immunology and Microbiology,2024-01-01,20250519081300,101,506
3611056,Business; Management and Accounting,2020-01-01,20251112013740,419,2918
4946481,Engineering,2024-01-01,20250827150422,602,1929
3215833,Computer Science,2018-01-01,20240714053524,35,445
4871790,Environmental Science,2024-01-01,20250430063652,25,120
4692328,Agricultural and Biological Sciences,2024-01-01,20250430023458,24,159
1065996,Economics; Econometrics and Finance,2008-01-01,20250426031019,196,2239
5344519,Social Sciences,2025-01-01,20250916071503,30,206
3972018,Social Sciences,2021-01-01,20251122035958,37,511
2587843,Social Sciences,2015-01-01,20260201073652,294,2534
4690013,Energy,2024-01-01,20250501023551,10,113
5195485,Engineering,2025-01-01,20250430115008,5,43
4707820,Psychology,2024-01-01,20251206115257,237,823
3660935,Business; Management and Accounting,2020-01-01,20240905113741,58,585
4546581,Psychology,2023-01-01,20250503135644,26,209
2426438,Social Sciences,2014-01-01,20260514061741,336,1788
4799025,Computer Science,2024-01-01,20250429222720,116,155
2270140,Business; Management and Accounting,2013-01-01,20250221102314,685,3745
3841616,Economics; Econometrics and Finance,2021-01-01,20251230094932,684,2758
4121050,Computer Science,2022-01-01,20250505175754,58,343
3524319,Economics; Econometrics and Finance,2019-01-01,20220126125738,57,277
5126791,Economics; Econometrics and Finance,2025-01-01,20250430132248,13,131
4222326,Business; Management and Accounting,2022-01-01,20250925165333,141,696
434541,Social Sciences,2003-01-01,20250506221508,106,1514
5192445,Computer Science,2025-01-01,20250430085615,5,16
4935901,Engineering,2024-01-01,20250618022558,28,191
5064769,Environmental Science,2024-01-01,20250430141803,13,76
3082956,Social Sciences,2017-01-01,20250823211024,146,1035
2205114,Economics; Econometrics and Finance,2013-01-01,20240422233515,53,593
2683285,Social Sciences,2015-01-01,20250425160505,105,871
5017014,Engineering,2024-01-01,20250430180455,14,104
1284707,Economics; Econometrics and Finance,2008-01-01,20250426092610,320,1741
5559936,Engineering,2025-01-01,20251014022046,5,26
4629268,Economics; Econometrics and Finance,2023-01-01,20250729150954,187,857
4734699,Engineering,2024-01-01,20250429133835,23,87
2996419,Economics; Econometrics and Finance,2017-01-01,20250811030047,1706,5428
4315067,Social Sciences,2020-01-01,20250503140007,133,368
3863611,Social Sciences,2021-01-01,20250506162253,57,327
4064089,Economics; Econometrics and Finance,2022-01-01,20250813174559,109,600
2494309,Business; Management and Accounting,2014-01-01,20250409012333,312,2705
5195852,Agricultural and Biological Sciences,2025-01-01,20250430150303,14,64
2393375,Economics; Econometrics and Finance,2014-01-01,20251228172234,154,1074
5225632,Engineering,2025-01-01,20250430111300,3,20
4899856,Social Sciences,2024-01-01,20250430200719,22,215
4114765,Economics; Econometrics and Finance,2022-01-01,20250507235128,28,300
4890880,Business; Management and Accounting,2024-01-01,20250619193615,133,538
2824488,Economics; Econometrics and Finance,2016-01-01,20250426001444,121,1304
5634674,Materials Science,2025-01-01,20251023091138,3,9
2195514,Social Sciences,2012-01-01,20250611193322,98,1281
4777293,Engineering,2024-01-01,20250429193540,28,144
5242240,Economics; Econometrics and Finance,2025-01-01,20250715220630,12,74
2312469,Business; Management and Accounting,2013-01-01,20250426165647,4,76
4799218,Social Sciences,2024-01-01,20250429132015,29,260
4283807,Social Sciences,2022-01-01,20250505163835,120,486
4710021,Agricultural and Biological Sciences,2024-01-01,20241103181849,19,110
2863611,Social Sciences,2016-01-01,20250207050502,193,1109
2097757,Economics; Econometrics and Finance,2012-01-01,20250426020438,51,637
3495741,Economics; Econometrics and Finance,2019-01-01,20260422102546,434,3362
4246544,Engineering,2022-01-01,20250505172954,11,186
871447,Economics; Econometrics and Finance,2006-01-01,20250516014314,203,2093
4126940,Materials Science,2022-01-01,20250505131806,38,272
4602730,Materials Science,2023-01-01,20250504041140,15,105
4666040,Decision Sciences,2024-01-01,20250429083047,71,260
302342,Economics; Econometrics and Finance,2003-01-01,20250427112357,185,2051
3391942,Agricultural and Biological Sciences,2019-01-01,20250510104026,23,989
4525607,Business; Management and Accounting,2023-01-01,20251203003650,664,2786
2414546,Economics; Econometrics and Finance,2014-01-01,20250420195023,108,1012
1409557,Economics; Econometrics and Finance,2009-01-01,20240907103449,511,3338
4909080,Computer Science,2024-01-01,20250617133833,19,60
471763,Economics; Econometrics and Finance,2003-01-01,20251013141143,174,3430
4038402,Health Professions,2022-01-01,20250505071443,105,518
1107315,Economics; Econometrics and Finance,2008-01-01,20250516021809,394,2965
5797502,Economics; Econometrics and Finance,2025-01-01,20251204033900,453,1030
5093740,Social Sciences,2025-01-01,20250430082923,15,114
5182274,Health Professions,2025-01-01,20250501105852,42,168
3971713,Biochemistry; Genetics and Molecular Biology,2021-01-01,20250506130943,29,267
1313696,Economics; Econometrics and Finance,2008-01-01,20250426060109,134,1714
4212046,Social Sciences,2018-01-01,20250505062548,32,340
3439222,Social Sciences,2017-01-01,20250513013847,183,843
4444856,Economics; Econometrics and Finance,2023-01-01,20250503115113,198,616
2685790,Business; Management and Accounting,2015-01-01,20250428234114,150,2030
3198566,Business; Management and Accounting,2018-01-01,20240616170943,221,956
3051073,Economics; Econometrics and Finance,2017-01-01,20250426211259,74,567
5147682,Business; Management and Accounting,2025-01-01,20250430000909,10,71
4054941,Social Sciences,2022-01-01,20250505063148,91,492
4055260,Materials Science,2022-01-01,20250505124650,61,231
3857561,Business; Management and Accounting,2019-01-01,20250506173136,567,1548
4176350,Business; Management and Accounting,2022-01-01,20251211161337,202,1111
5244136,Computer Science,2025-01-01,20250513025938,4,21
3932064,Economics; Econometrics and Finance,2021-01-01,20250506181806,103,485
4476675,Immunology and Microbiology,2023-01-01,20250503230329,20,332
2291100,Social Sciences,2013-01-01,20250206163340,144,1197
4205092,Environmental Science,2022-01-01,20250506012026,87,474
4199019,Engineering,2022-01-01,20240415200523,16,242
4884082,Social Sciences,2024-01-01,20250429144928,78,265
5110377,Economics; Econometrics and Finance,2025-01-01,20250430062816,19,84
4927632,Chemistry,2024-01-01,20250618030553,15,66
337840,Business; Management and Accounting,2002-01-01,20250425224454,391,1558
3632965,Social Sciences,2020-01-01,20250507023531,126,720
3906019,Economics; Econometrics and Finance,2021-01-01,20241108115953,171,681
4933916,Computer Science,2024-01-01,20250617143903,13,70
4665476,Engineering,2023-01-01,20250619062024,39,145
4732682,Physics and Astronomy,2024-01-01,20250429205021,13,101
2209514,Business; Management and Accounting,2013-01-01,20250426191622,95,564
2849869,Engineering,2016-01-01,20240812014045,488,2345
533129,Economics; Econometrics and Finance,2004-01-01,20250516013040,2027,11471
4479438,Engineering,2023-01-01,20250503191610,25,122
966500,Economics; Econometrics and Finance,2007-01-01,20250104202904,519,3176
1814730,Economics; Econometrics and Finance,2011-01-01,20250426202609,75,780
2815913,Business; Management and Accounting,2016-01-01,20250425160716,321,2353
4775289,Energy,2024-01-01,20240416140630,4,13
4891421,Energy,2024-01-01,20250619131620,12,83
1296654,Environmental Science,2008-01-01,20250425222725,166,964
3588523,Engineering,2020-01-01,20240426191102,47,360
1349396,Economics; Econometrics and Finance,2009-01-01,20240630090812,178,1439
1503769,Business; Management and Accounting,2010-01-01,20250425232749,73,741
4514373,Materials Science,2023-01-01,20250503213646,9,118
3793611,Social Sciences,2021-01-01,20250506194336,41,498
5010145,Medicine,2024-01-01,20250610223705,19,132
5264136,Engineering,2025-01-01,20250523050602,1,6
1457422,Economics; Econometrics and Finance,2009-01-01,20251211232416,88,1207
1939134,Economics; Econometrics and Finance,2011-01-01,20250425202901,134,1168
5265383,Agricultural and Biological Sciences,2025-01-01,20250523025945,0,5
4392785,Computer Science,2023-01-01,20250913164041,38,273
5391793,Computer Science,2025-01-01,20260801162228,4546,11578
3685776,Economics; Econometrics and Finance,2020-01-01,20251009185200,102,846
1651602,Social Sciences,2010-01-01,20250427093913,21,346
5092859,Materials Science,2025-01-01,20250725162842,59,277
1324945,Economics; Econometrics and Finance,2009-01-01,20250612180205,1026,5335
5600937,Biochemistry; Genetics and Molecular Biology,2025-01-01,20251019164406,4,27
5244128,Engineering,2025-01-01,20250510101108,3,19
4800263,Business; Management and Accounting,2024-01-01,20250323042132,165,755
4803980,Engineering,2024-01-01,20250617070620,14,104
2823353,Economics; Econometrics and Finance,2017-01-01,20251126175652,533,3772
4699707,Engineering,2024-01-01,20250429232453,87,148
2631948,Economics; Econometrics and Finance,2015-01-01,20250602014659,193,1711
5217666,Environmental Science,2025-01-01,20250430005918,3,45
4042750,Engineering,2022-01-01,20250506173101,91,381
5266562,Decision Sciences,2025-01-01,20260816053641,6005,24468
4627193,Engineering,2023-01-01,20240718045527,19,67
4657080,Business; Management and Accounting,2024-01-01,20250430173821,80,406
4461888,Engineering,2023-01-01,20250503130839,16,92
4641385,Social Sciences,2023-01-01,20250503124150,9,136
5115108,Economics; Econometrics and Finance,2025-01-01,20250515045918,248,907
2338089,Economics; Econometrics and Finance,2013-01-01,20240725084833,203,1382
3955567,Economics; Econometrics and Finance,2021-01-01,20220205183148,14,117
5127064,Medicine,2025-01-01,20250501004734,21,115
4577033,Medicine,2023-01-01,20250503221040,182,666
5143404,Business; Management and Accounting,2025-01-01,20250501063732,28,273
3415785,Psychology,2019-01-01,20250910203313,178,896
1441318,Social Sciences,2009-01-01,20250910040324,144,2240
4312664,Engineering,2023-01-01,20250504070619,24,139
4255724,Engineering,2022-01-01,20250505161007,62,472
2581398,Decision Sciences,2015-01-01,20250516022638,39,573
3992368,Engineering,2021-01-01,20250506110233,25,184
3480373,Economics; Econometrics and Finance,2019-01-01,20251123074642,818,3111
4827094,Arts and Humanities,2024-01-01,20250619095109,50,260
5279822,Materials Science,2025-01-01,20250609165720,2,12
4766465,Chemistry,2024-01-01,20250430005704,21,131
2564897,Economics; Econometrics and Finance,2015-01-01,20250425232837,241,952
158148,Economics; Econometrics and Finance,1999-01-01,20250426140140,3888,15864
3507486,Medicine,2019-01-01,20250507101851,147,864
3731897,Economics; Econometrics and Finance,2020-01-01,20241115213940,57,444
329440,Economics; Econometrics and Finance,2002-01-01,20250506010438,202,1597
1710802,Economics; Econometrics and Finance,2010-01-01,20240415062542,245,1178
4494457,Engineering,2023-01-01,20250504002939,52,274
3387802,Business; Management and Accounting,2018-01-01,20250510104800,119,516
2959489,Business; Management and Accounting,2018-01-01,20240430003200,151,1073
1674952,Economics; Econometrics and Finance,2010-01-01,20250426101014,151,1632
5076478,Engineering,2024-01-01,20250430192319,12,68
3316940,Engineering,2019-01-01,20250507022021,72,527
248409,Business; Management and Accounting,2001-01-01,20231203010017,763,3739
2640679,Economics; Econometrics and Finance,2015-01-01,20240709075308,84,1115
4930331,Engineering,2024-01-01,20250618024218,40,177
3769817,Agricultural and Biological Sciences,2021-01-01,20251001193732,112,738
6991581,Social Sciences,2026-01-01,20260731161532,14,43
5090626,Medicine,2025-01-01,20250429180218,40,222
4608466,Engineering,2023-01-01,20240426102918,13,60
4717480,Environmental Science,2024-01-01,20250717064807,21,153
4391134,Social Sciences,2023-01-01,20260717033110,660,3464
2608028,Economics; Econometrics and Finance,2015-01-01,20221103151016,109,1280
5067006,Agricultural and Biological Sciences,2024-01-01,20250430040502,12,80
5161237,Social Sciences,2025-01-01,20250429204626,16,212
4706327,Chemistry,2024-01-01,20250502110159,39,180
4490737,Arts and Humanities,2023-01-01,20251202144437,176,715
3779164,Social Sciences,2021-01-01,20250506163352,156,668
5928650,Engineering,2025-01-01,20251217025516,1,5
2145445,Business; Management and Accounting,2012-01-01,20250426165516,302,2299
2668318,Social Sciences,2015-01-01,20250425170630,49,407
3228613,Social Sciences,2018-01-01,20260123024422,59,568
3913364,Psychology,2021-01-01,20250506190048,99,832
2205932,Engineering,2013-01-01,20240605170641,141,881
4484019,Computer Science,2023-01-01,20240415091318,7,60
5133627,Engineering,2025-01-01,20250429221116,10,66
3988105,Engineering,2021-01-01,20240915101517,43,197
1942154,Economics; Econometrics and Finance,2011-01-01,20251121105253,108,868
2018857,Decision Sciences,2012-01-01,20250425234920,118,1152
3235624,Medicine,2018-01-01,20250507152858,25,286
4161582,Decision Sciences,2022-01-01,20250806171345,52,503
4192430,Materials Science,2022-01-01,20250507012223,38,272
4584456,Social Sciences,2023-01-01,20250504014529,65,433
4938388,Business; Management and Accounting,2024-01-01,20250429065400,57,208
2038834,Economics; Econometrics and Finance,2012-01-01,20250526210012,352,2350
1364361,Social Sciences,2009-01-01,20250427075607,75,1059
5713694,Engineering,2025-01-01,20251120164049,14,68
5205121,Medicine,2025-01-01,20250501081153,27,93
3071552,Economics; Econometrics and Finance,2017-01-01,20240723173536,284,1729
1571299,Economics; Econometrics and Finance,2010-01-01,20241227200154,1397,4426
5130978,Engineering,2025-01-01,20250502113536,15,79
3305865,Decision Sciences,2018-01-01,20250513090818,72,762
286137,Economics; Econometrics and Finance,2001-01-01,20250426032713,181,1422
3850684,Social Sciences,2021-01-01,20250416004329,76,604
5152610,Earth and Planetary Sciences,2025-01-01,20250727114013,40,179
3855730,Business; Management and Accounting,2021-01-01,20250722063929,279,1098
2419926,Economics; Econometrics and Finance,2014-01-01,20250506191237,126,878
5285999,Business; Management and Accounting,2025-01-01,20251017170339,205,679
2953250,Economics; Econometrics and Finance,2017-01-01,20250910175219,416,6185
2117245,Economics; Econometrics and Finance,2012-01-01,20250917080721,404,2695
2610808,Economics; Econometrics and Finance,2015-01-01,20250425195818,817,3077
4499972,Materials Science,2023-01-01,20240418080808,25,110
3610340,Decision Sciences,2020-01-01,20240814080050,766,1880
4899084,Engineering,2024-01-01,20250430065733,8,55
2970762,Psychology,2017-01-01,20250916134751,440,3007
2705104,Economics; Econometrics and Finance,2015-01-01,20251121221040,949,3562
3731253,Health Professions,2020-01-01,20250722070711,57,599
4512307,Business; Management and Accounting,2023-01-01,20251110230016,505,1725
1646950,Economics; Econometrics and Finance,2010-01-01,20250129093953,154,1252
4980038,Engineering,2024-01-01,20250430183225,71,173
2635779,Social Sciences,2015-01-01,20250503201431,65,824
2721188,Economics; Econometrics and Finance,2016-01-01,20251228065252,113,999
4159305,Engineering,2022-01-01,20220714063021,4,13
4951017,Computer Science,2024-01-01,20250618025347,32,103
2609438,Economics; Econometrics and Finance,2015-01-01,20250723025544,150,1035
5225191,Engineering,2025-01-01,20250429171257,14,42
4004591,Computer Science,2022-01-01,20251127031105,130,985
4713763,Social Sciences,2024-01-01,20250430110948,248,650
2411407,Economics; Econometrics and Finance,2014-01-01,20241001130616,391,1666
3610436,Medicine,2020-01-01,20250507023446,58,393
2526023,Business; Management and Accounting,2014-01-01,20240610011140,27,343
4031466,Computer Science,2022-01-01,20250505053632,95,522
5144736,Computer Science,2025-01-01,20250501001845,5,44
904353,Economics; Econometrics and Finance,2006-01-01,20231224045335,133,1235
4563670,Earth and Planetary Sciences,2023-01-01,20240423220115,8,98
350341,Decision Sciences,2002-01-01,20250910225025,1384,7535
3998734,Energy,2022-01-01,20220427002725,9,34
3997381,Business; Management and Accounting,2021-01-01,20250505115509,127,564
4651457,Environmental Science,2023-01-01,20250503114230,28,154
1619309,Economics; Econometrics and Finance,2010-01-01,20250516024135,294,1965
1358593,Economics; Econometrics and Finance,2009-01-01,20250425201917,427,2249
2684768,Business; Management and Accounting,2015-01-01,20250425204018,299,1957
4226856,Social Sciences,2022-01-01,20250318211024,45,194
4580658,Materials Science,2023-01-01,20250503211323,30,162
2565460,Economics; Econometrics and Finance,2015-01-01,20250426101901,122,1042
4966774,Energy,2024-01-01,20250430074452,12,80
4313067,Chemistry,2022-01-01,20250530053717,20,138
1280667,Business; Management and Accounting,2008-01-01,20250507022549,497,3330
2379938,Physics and Astronomy,2013-01-01,20250426003522,48,425
4328803,Economics; Econometrics and Finance,2023-01-01,20230806063602,183,567
4910737,Social Sciences,2024-01-01,20250525121816,150,892
5205388,Biochemistry; Genetics and Molecular Biology,2025-01-01,20250429084429,17,55
1593349,Decision Sciences,2010-01-01,20250425195807,77,922
3977401,Engineering,2021-01-01,20250505164425,55,382
5207020,Engineering,2025-01-01,20250430205858,8,64
2022644,Business; Management and Accounting,2012-01-01,20250805091525,692,4546
4800892,Economics; Econometrics and Finance,2024-01-01,20251124053144,2151,11013
4495316,Computer Science,2023-01-01,20250504073833,106,476
4528161,Engineering,2023-01-01,20250503233614,99,417
3388086,Arts and Humanities,2019-01-01,20250510102858,381,2044
4822704,Social Sciences,2024-01-01,20241121034048,44,235
5136047,Business; Management and Accounting,2025-01-01,20250429173256,6,73
5159659,Economics; Econometrics and Finance,2025-01-01,20250501021057,111,551
4615579,Chemistry,2023-01-01,20250504002107,16,135
1023942,Business; Management and Accounting,2007-01-01,20250426002504,380,2835
1342775,Business; Management and Accounting,2009-01-01,20250425173908,172,2372
4298039,Business; Management and Accounting,2022-01-01,20250506125731,28,216
951001,Decision Sciences,2008-01-01,20250426015400,198,2034
1102168,Business; Management and Accounting,2008-01-01,20250426040441,444,1921
4365519,Economics; Econometrics and Finance,2023-01-01,20240605234458,112,426
3293656,Social Sciences,2018-01-01,20240603183046,34,448
5065313,Engineering,2024-01-01,20250429202107,40,256
3209658,Economics; Econometrics and Finance,2018-01-01,20241115093907,1103,3990
4353876,Physics and Astronomy,2023-01-01,20250505121715,32,414
2880040,Physics and Astronomy,2016-01-01,20250713012422,1808,5765
4864453,Computer Science,2024-01-01,20250617170250,105,308
3800933,Social Sciences,2021-01-01,20260115173525,1358,6749
4654566,Environmental Science,2023-01-01,20250618143447,31,123
5346499,Medicine,2025-01-01,20251127085631,62,257
4566519,Energy,2023-01-01,20250503193047,22,117
3758067,Economics; Econometrics and Finance,2020-01-01,20241126123235,75,409
3750723,Social Sciences,2021-01-01,20250506182101,83,430
4454934,Earth and Planetary Sciences,2023-01-01,20250503223925,17,136
4502671,Chemical Engineering,2023-01-01,20240710092419,9,65
4605013,Energy,2023-01-01,20250503212008,12,112
4918555,Social Sciences,2024-01-01,20251230172923,157,980
4786364,Social Sciences,2024-01-01,20250430010058,31,173
4802785,Chemical Engineering,2024-01-01,20250429234220,64,206
3988308,Business; Management and Accounting,2022-01-01,20220426225109,14,62
4536145,Materials Science,2023-01-01,20250504034003,11,92
4253978,Biochemistry; Genetics and Molecular Biology,2022-01-01,20250505055532,28,334
3909009,Business; Management and Accounting,2021-01-01,20251111014939,114,690
2079028,Arts and Humanities,2012-01-01,20240615044234,44,449
883010,Economics; Econometrics and Finance,1996-01-01,20251202231747,134,2000
4981101,Social Sciences,2024-01-01,20251103085608,47,319
3103035,Economics; Econometrics and Finance,2018-01-01,20220802122607,120,1412
4281794,Engineering,2022-01-01,20250506164749,10,190
1675451,Economics; Econometrics and Finance,2010-01-01,20250425171433,587,3775
4149826,Social Sciences,2022-01-01,20250505214749,23,180
261068,Economics; Econometrics and Finance,2001-01-01,20241118103631,9488,38163
1746394,Social Sciences,2011-01-01,20250425184702,37,343
4707597,Environmental Science,2024-01-01,20240418023030,12,65
4123671,Economics; Econometrics and Finance,2022-01-01,20250505195602,171,649
5008996,Chemistry,2024-01-01,20250429191446,46,178
5029292,Decision Sciences,2024-01-01,20250430133934,64,274
5355399,Neuroscience,2025-01-01,20250830213348,5,47
4545332,Engineering,2023-01-01,20250315112819,22,106
4394074,Economics; Econometrics and Finance,2023-01-01,20250710120028,30,227
4266883,Computer Science,2022-01-01,20250503110133,81,328
4453631,Social Sciences,2023-01-01,20240416035333,39,133
5147870,Computer Science,2025-01-01,20260115100620,35,484
4971208,Economics; Econometrics and Finance,2024-01-01,20250619030936,56,180
4932095,Engineering,2024-01-01,20250429152528,23,110
4051319,Agricultural and Biological Sciences,2022-01-01,20250508123935,53,250
4467554,Social Sciences,2023-01-01,20250503220415,33,143
2526817,Economics; Econometrics and Finance,2014-01-01,20251230173024,181,1397
4777731,Engineering,2024-01-01,20250430032049,21,126
5067042,Environmental Science,2025-01-01,20250430182644,38,193
5171313,Engineering,2025-01-01,20251124041004,125,1859
4316094,Economics; Econometrics and Finance,2023-01-01,20250504180859,177,723
2797079,Social Sciences,2016-01-01,20250506042310,151,966
4684062,Business; Management and Accounting,2024-01-01,20240330224705,9,57
3541119,Medicine,2020-01-01,20251102121023,1296,6781
3769826,Economics; Econometrics and Finance,2021-01-01,20240927030311,91,526
4213144,Agricultural and Biological Sciences,2022-01-01,20250506140724,34,211
5023182,Engineering,2024-01-01,20250430053013,29,118
2414217,Economics; Econometrics and Finance,2014-01-01,20250915235905,122,1091
1980411,Social Sciences,2012-01-01,20251207000728,254,2036
2544813,Social Sciences,2015-01-01,20250506022218,161,993
4927593,Social Sciences,2024-01-01,20250501091736,21,188
2941100,Computer Science,2017-01-01,20251017215155,1234,3729
4402610,Engineering,2023-01-01,20250504141159,100,423
5242854,Biochemistry; Genetics and Molecular Biology,2025-01-01,20250602064830,2,10
4631104,Social Sciences,2023-01-01,20240418072440,8,54
347,Economics; Econometrics and Finance,1997-01-01,20250506010949,1762,4705
3690469,Economics; Econometrics and Finance,2020-01-01,20240905204606,19,329
1098807,Business; Management and Accounting,2008-01-01,20250507150310,205,1012
5071451,Economics; Econometrics and Finance,2024-01-01,20250429092708,58,365
5626272,Social Sciences,2025-01-01,20251023005710,8,28
350140,Social Sciences,2003-01-01,20240420011402,160,1288
4790546,Economics; Econometrics and Finance,2024-01-01,20250429223244,36,211
4717302,Engineering,2024-01-01,20240415095836,27,67
5354142,Business; Management and Accounting,2025-01-01,20251228061810,92,914
4493768,Agricultural and Biological Sciences,2023-01-01,20250504151551,32,164
3407726,Economics; Econometrics and Finance,2019-01-01,20250513162540,569,1850
1338190,Economics; Econometrics and Finance,2009-01-01,20250516025311,1139,7613
1486520,Economics; Econometrics and Finance,2009-01-01,20230925211347,121,960
5203911,Materials Science,2025-01-01,20250430173114,8,39
3444201,Environmental Science,2019-01-01,20250512182849,25,354
2565024,Business; Management and Accounting,2015-01-01,20250427142945,112,860
4123089,Materials Science,2022-01-01,20250505100425,36,241
3593413,Social Sciences,2020-01-01,20250508073522,150,647
4085328,Agricultural and Biological Sciences,2022-01-01,20250505205912,76,305
4992637,Materials Science,2024-01-01,20250429193543,22,79
4316311,Social Sciences,2023-01-01,20250503220227,293,1076
5062912,Engineering,2024-01-01,20250429184053,25,116
1393724,Social Sciences,2009-01-01,20220120115048,82,1127
4909364,Environmental Science,2024-01-01,20250430081936,18,97
4625295,Economics; Econometrics and Finance,2023-01-01,20250505050818,589,6865
3935919,Business; Management and Accounting,2021-01-01,20240711045912,109,381
4272867,Social Sciences,2022-01-01,20260814091918,892,2256
2987955,Decision Sciences,2017-01-01,20250427125849,72,357
3084521,Business; Management and Accounting,2017-01-01,20250527091411,30,367
3094512,Economics; Econometrics and Finance,2017-01-01,20250426130451,97,531
5281557,Environmental Science,2025-01-01,20250607160517,3,18
3983100,Biochemistry; Genetics and Molecular Biology,2021-01-01,20251202170414,46,426
5085185,Social Sciences,2025-01-01,20250423052125,43,185
4221598,Agricultural and Biological Sciences,2022-01-01,20250505102554,67,267
3919098,Environmental Science,2021-01-01,20250507095819,81,554
4491632,Biochemistry; Genetics and Molecular Biology,2023-01-01,20250504012229,35,181
3079320,Engineering,2017-01-01,20230625044418,19,290
2882527,Economics; Econometrics and Finance,2016-01-01,20250517191458,292,1751
2609090,Economics; Econometrics and Finance,2015-01-01,20250426071019,118,888
1694547,Economics; Econometrics and Finance,2010-01-01,20250426060006,59,793
5006058,Arts and Humanities,2024-01-01,20250531040141,107,346
4649774,Engineering,2023-01-01,20251013091220,47,342
3417502,Business; Management and Accounting,2019-01-01,20250512065914,251,1920
5077952,Medicine,2025-01-01,20250906203928,69,457
4711056,Computer Science,2024-01-01,20250429184028,27,128
2505810,Social Sciences,2014-01-01,20250425181031,671,3259
4831906,Economics; Econometrics and Finance,2024-01-01,20240723021744,44,128
4513928,Environmental Science,2023-01-01,20240510065821,43,154
2050412,Social Sciences,2012-01-01,20250426225855,33,405
2504048,Economics; Econometrics and Finance,2014-01-01,20250426212022,95,815
5254557,Social Sciences,2025-01-01,20251231212920,19,165
4683894,Medicine,2024-01-01,20250502131156,32,143
4563422,Materials Science,2023-01-01,20250505191203,18,118
5199413,Engineering,2025-01-01,20250430020716,13,51
4931320,Engineering,2024-01-01,20250429135600,11,81
4907993,Engineering,2024-01-01,20240729011002,0,5
4783634,Agricultural and Biological Sciences,2024-01-01,20250430035417,38,154
2685375,Economics; Econometrics and Finance,2015-01-01,20250425164919,237,2157
4127503,Business; Management and Accounting,2022-01-01,20250505031237,189,795
3677573,Economics; Econometrics and Finance,2020-01-01,20250813151838,53,710
5397355,Social Sciences,2025-01-01,20260814152345,240,800
4346092,Agricultural and Biological Sciences,2023-01-01,20250821032017,102,382
1605486,Social Sciences,2010-01-01,20250425225518,2,63
4332071,Medicine,2023-01-01,20240423002400,23,112
4724361,Engineering,2024-01-01,20250429094853,60,122
5297864,Economics; Econometrics and Finance,2025-01-01,20250725043725,87,332
2743139,Economics; Econometrics and Finance,2016-01-01,20251112071224,150,1008
1460422,Decision Sciences,2009-01-01,20250426081548,105,890
4431603,Physics and Astronomy,2023-01-01,20250504192546,26,124
4127041,Engineering,2022-01-01,20250506000854,24,253
2583578,Business; Management and Accounting,2015-01-01,20250425201214,72,978
5359602,Economics; Econometrics and Finance,2025-01-01,20260715101742,32,666
4308065,Engineering,2022-01-01,20250505172141,39,183
4557141,Agricultural and Biological Sciences,2023-01-01,20250503212200,63,232
2247446,Social Sciences,2013-01-01,20250911143429,307,2493
2586254,Economics; Econometrics and Finance,2015-01-01,20250321205500,816,4276
4574438,Economics; Econometrics and Finance,2023-01-01,20250503103202,283,980
447660,Social Sciences,2003-01-01,20250316000352,298,3677
4385949,Neuroscience,2023-01-01,20250504111829,69,209
4888961,Physics and Astronomy,2024-01-01,20250502145308,23,109
5142453,Computer Science,2025-01-01,20250502084704,2,42
4652696,Economics; Econometrics and Finance,2023-01-01,20250503234346,46,174
1714424,Mathematics,2010-01-01,20250426035518,3,148
4606761,Computer Science,2023-01-01,20250504215536,49,168
1999413,Economics; Econometrics and Finance,2012-01-01,20260307012516,609,1997
4328616,Social Sciences,2023-01-01,20250503123044,75,543
4900046,Agricultural and Biological Sciences,2024-01-01,20250429215807,23,110
4099972,Economics; Econometrics and Finance,2022-01-01,20250514062450,101,591
5030380,Decision Sciences,2025-01-01,20250429235152,17,166
2326840,Economics; Econometrics and Finance,2013-01-01,20250426034753,45,875
4168677,Environmental Science,2022-01-01,20220802171256,0,13
144419,Economics; Econometrics and Finance,1999-01-01,20250425175005,573,3383
3734817,Social Sciences,2020-01-01,20250507215539,86,505
975077,Social Sciences,2007-01-01,20250426131917,90,667
1487552,Arts and Humanities,2009-01-01,20250912090326,825,3701
4068027,Medicine,2022-01-01,20250830175452,51,246
4668984,Energy,2023-01-01,20250503130520,11,86
2567189,Economics; Econometrics and Finance,2015-01-01,20250801165044,83,1001
4390424,Environmental Science,2023-01-01,20250503141151,43,294
2750188,Economics; Econometrics and Finance,2016-01-01,20251228210801,2117,8638
5000260,Materials Science,2024-01-01,20250429062020,15,96
302404,Economics; Econometrics and Finance,2002-01-01,20250425231411,673,4253
1479655,Economics; Econometrics and Finance,2009-01-01,20250427134707,51,417
4763136,Economics; Econometrics and Finance,2024-01-01,20250430190021,28,183
5591538,Psychology,2025-01-01,20251020060440,12,66
4901051,Energy,2024-01-01,20250429225145,4,319
3029815,Social Sciences,2017-01-01,20250506180136,38,399
2980925,Economics; Econometrics and Finance,2017-01-01,20250331035147,1536,6131
1117232,Economics; Econometrics and Finance,2008-01-01,20250531172026,1975,9546
1026081,Economics; Econometrics and Finance,2007-01-01,20250620204211,577,2440
3920910,Medicine,2021-01-01,20250506190626,98,266
4877373,Engineering,2024-01-01,20250915155704,22,194
2728624,Computer Science,2016-01-01,20250910103430,240,1199
4253573,Materials Science,2022-01-01,20250505085254,18,191
4716476,Computer Science,2024-01-01,20250904231632,85,369
4610623,Computer Science,2023-01-01,20250730173741,78,420
3066388,Decision Sciences,2017-01-01,20250427204038,92,790
3963547,Social Sciences,2021-01-01,20250415115112,124,536
4597228,Physics and Astronomy,2023-01-01,20240916041246,8,68
5850514,Engineering,2025-01-01,20251204034344,0,6
2511740,Business; Management and Accounting,2014-01-01,20250825033008,49,556
3522215,Materials Science,2020-01-01,20220802222911,61,358
2939470,Economics; Econometrics and Finance,2017-01-01,20250904000859,192,960
4509830,Medicine,2023-01-01,20251008061332,65,390
2391916,Social Sciences,2014-01-01,20180603164417,65,328
4606564,Medicine,2023-01-01,20250503200013,15,140
4669794,Business; Management and Accounting,2024-01-01,20250429170612,37,165
1311893,Engineering,2008-01-01,20241122171114,96,1590
2579812,Business; Management and Accounting,2015-01-01,20250426102309,93,815
4213342,Chemistry,2022-01-01,20260101145539,34,393
4740411,Medicine,2024-01-01,20250429215537,44,174
4042583,Engineering,2022-01-01,20250505053621,27,207
4426788,Business; Management and Accounting,2023-01-01,20250506075637,44,226
3679315,Business; Management and Accounting,2019-01-01,20250507095427,65,287
4042584,Materials Science,2022-01-01,20250505152534,28,131
2960410,Health Professions,2017-01-01,20251122221406,166,1348
3964916,Decision Sciences,2021-01-01,20250516032746,292,1063
4892683,Economics; Econometrics and Finance,2024-01-01,20250911153149,54,406
4391387,Psychology,2023-01-01,20250804213416,189,577
2119337,Business; Management and Accounting,2012-01-01,20250311040922,1322,6674
2390110,Business; Management and Accounting,2014-01-01,20240605130405,75,616
4658282,Social Sciences,2023-01-01,20250503200750,55,214
4723870,Computer Science,2024-01-01,20240412211625,3,48
4349065,Social Sciences,2023-01-01,20250503210655,332,833
4442608,Environmental Science,2023-01-01,20250503120054,34,148
2258535,Business; Management and Accounting,2013-01-01,20250425203816,654,4020
4379896,Social Sciences,2023-01-01,20250506023008,160,560
5393985,Engineering,2025-01-01,20250831010311,13,122
3725423,Social Sciences,2020-01-01,20250506235308,76,546
2478051,Social Sciences,2014-01-01,20250518140623,430,3521
1649652,Social Sciences,2010-01-01,20250425202048,29,369
4143115,Environmental Science,2022-01-01,20250505055232,35,205
5196543,Engineering,2025-01-01,20250503211021,15,136
50430,Engineering,1998-01-01,20251018113907,223,1874
5735312,Decision Sciences,2025-01-01,20251120151302,12,50
4518405,Materials Science,2023-01-01,20240712062943,36,115
4465358,Materials Science,2023-01-01,20250504181613,23,139
1645648,Social Sciences,2010-01-01,20250830033625,129,1212
3456299,Economics; Econometrics and Finance,2019-01-01,20250513073208,374,1799
4218695,Materials Science,2022-01-01,20250506135522,18,290
5153071,Medicine,2025-01-01,20250430071601,16,56
4116267,Business; Management and Accounting,2022-01-01,20240715124447,68,257
5218562,Psychology,2025-01-01,20250429091723,5,46
5170751,Computer Science,2025-01-01,20250429073747,14,66
2539929,Economics; Econometrics and Finance,2014-01-01,20250427021829,135,872
5144184,Environmental Science,2025-01-01,20250429144535,15,83
4940069,Energy,2024-01-01,20250429152434,12,77
4510687,Engineering,2023-01-01,20240416205812,38,131
3989688,Engineering,2021-01-01,20250506002034,49,218
4740185,Environmental Science,2024-01-01,20250430062756,105,430
3973864,Economics; Econometrics and Finance,2021-01-01,20220202105302,12,90
2056713,Economics; Econometrics and Finance,2012-01-01,20250426002635,250,2293
1012214,Business; Management and Accounting,2007-01-01,20250426142954,283,2058
4155241,Engineering,2022-01-01,20250801070418,53,219
4386994,Materials Science,2023-01-01,20250505142343,22,151
5277179,Engineering,2025-01-01,20250609161055,12,62
3824528,Neuroscience,2021-01-01,20251225074234,20,499
3373326,Social Sciences,2019-01-01,20251229033854,85,843
4979016,Biochemistry; Genetics and Molecular Biology,2024-01-01,20251227150738,38,942
3545005,Mathematics,2018-01-01,20250507020218,25,493
4398257,Computer Science,2023-01-01,20250503203513,34,194
3696617,Medicine,2020-01-01,20250905041745,63,501
2717785,Social Sciences,2016-01-01,20250426070020,70,969
2722923,Business; Management and Accounting,2016-01-01,20250317191058,428,2215
4672079,Biochemistry; Genetics and Molecular Biology,2023-01-01,20240416010041,30,116
4870652,Social Sciences,2024-01-01,20251106082303,161,2086
4862213,Decision Sciences,2024-01-01,20250908181957,39,452
4563723,Environmental Science,2023-01-01,20250417035727,28,173
5056917,Energy,2024-01-01,20250430023700,7,81
5934481,Economics; Econometrics and Finance,2025-01-01,20251226222130,8,28
4603681,Engineering,2023-01-01,20240429091959,8,55
278512,Economics; Econometrics and Finance,2001-01-01,20240710141217,149,2907
1977050,Business; Management and Accounting,2011-01-01,20251011162731,168,1790
5211049,Business; Management and Accounting,2025-01-01,20260122021445,58,779
2866944,Agricultural and Biological Sciences,2016-01-01,20250530075955,99,768
2458851,Economics; Econometrics and Finance,2014-01-01,20200923105454,345,1637
3390667,Economics; Econometrics and Finance,2019-01-01,20250512054433,136,746
4364209,Engineering,2023-01-01,20240716174136,19,89
5082779,Physics and Astronomy,2025-01-01,20250501054442,21,93
4658668,Business; Management and Accounting,2023-01-01,20260128171139,191,1053
4307147,Nursing,2022-01-01,20250505123227,76,284
5040793,Engineering,2024-01-01,20250429193225,19,102
4374950,Economics; Econometrics and Finance,2023-01-01,20250505093103,58,378
3675742,Health Professions,2020-01-01,20250709225415,339,2356
4092444,Engineering,2022-01-01,20250319193035,85,356
1734738,Economics; Econometrics and Finance,2011-01-01,20241124050953,6,129
4768652,Environmental Science,2024-01-01,20240429085249,3,38
3665190,Arts and Humanities,2020-01-01,20250429192800,592,2483
5147086,Economics; Econometrics and Finance,2025-01-01,20250429153913,8,49
1762564,Economics; Econometrics and Finance,2012-01-01,20240519150839,1051,4518
4141353,Medicine,2022-01-01,20250505171747,36,363
4265428,Earth and Planetary Sciences,2022-01-01,20250505020917,91,577
4896309,Psychology,2024-01-01,20250501001031,20,75
1788248,Earth and Planetary Sciences,2011-01-01,20260810033138,187,1602
2316050,Mathematics,2013-01-01,20250331082337,96,509
4189419,Engineering,2022-01-01,20220818154301,0,15
4157460,Environmental Science,2022-01-01,20250506064231,161,536
2393644,Computer Science,2014-01-01,20250425182556,160,1385
5763806,Economics; Econometrics and Finance,2025-01-01,20251120220036,6,23
3995712,Business; Management and Accounting,2021-01-01,20250505053844,332,2982
5198975,Economics; Econometrics and Finance,2025-01-01,20250429064812,5,94
2532321,Social Sciences,2014-01-01,20250821222410,260,1579
4545109,Engineering,2023-01-01,20250504102847,33,122
4371932,Materials Science,2023-01-01,20250504012418,12,131
4660927,Economics; Econometrics and Finance,2023-01-01,20250503123755,83,450
4453235,Agricultural and Biological Sciences,2023-01-01,20240415075238,53,153
2828443,Engineering,2016-01-01,20250426122106,40,511
3973350,Engineering,2021-01-01,20220126084045,7,28
3894913,Economics; Econometrics and Finance,2021-01-01,20250507180704,254,1013
2157659,Social Sciences,2012-01-01,20251221124113,8810,36672
4979215,Engineering,2024-01-01,20250501001021,40,138
2559343,Economics; Econometrics and Finance,2015-01-01,20250426021029,219,1386
5229468,Engineering,2025-01-01,20250818164349,4,157
4698584,Earth and Planetary Sciences,2024-01-01,20250618170742,40,214
4204662,Engineering,2022-01-01,20250506051415,26,258
5181779,Social Sciences,2025-01-01,20250502062609,5,53
3453227,Business; Management and Accounting,2019-01-01,20240530050120,166,719
5010804,Physics and Astronomy,2024-01-01,20250430042148,12,96
2601752,Social Sciences,2015-01-01,20250425204539,86,524
879914,Economics; Econometrics and Finance,2001-01-01,20251202100508,499,2663
4104814,Environmental Science,2022-01-01,20250505061014,8,266
2162731,Decision Sciences,2012-01-01,20250825030339,49,615
5030668,Social Sciences,2024-01-01,20250430003642,13,91
4006228,Psychology,2022-01-01,20250505105918,42,242
4343150,Energy,2023-01-01,20250505134309,13,82
4696230,Environmental Science,2024-01-01,20250429222335,29,97
2414500,Decision Sciences,2014-01-01,20251228093902,141,1291
4162682,Business; Management and Accounting,2022-01-01,20250505024143,55,238
4755158,Economics; Econometrics and Finance,2024-01-01,20250501142556,116,426
4012861,Physics and Astronomy,2022-01-01,20250506001852,38,198
4978019,Engineering,2024-01-01,20250429131633,24,102
4247915,Social Sciences,2022-01-01,20260126125543,49,598
5093245,Engineering,2025-01-01,20250430064220,18,82
2636601,Social Sciences,2015-01-01,20250427041138,76,762
5140259,Business; Management and Accounting,2025-01-01,20250429114557,6,93
5676924,Social Sciences,2025-01-01,20251204225741,10,21
4419843,Medicine,2023-01-01,20240415004215,24,148
4061604,Engineering,2022-01-01,20250505122320,24,149
2337518,Social Sciences,2013-01-01,20250426055926,22,320
2907706,Decision Sciences,2017-01-01,20220703220021,249,1190
4533148,Social Sciences,2023-01-01,20250503102056,90,389
5334678,Biochemistry; Genetics and Molecular Biology,2025-01-01,20251011074548,20,53
4234692,Medicine,2022-01-01,20250505062348,8,359
4955404,Computer Science,2024-01-01,20250430022048,25,152
2882648,Social Sciences,2016-01-01,20241207095901,67,382
2944235,Psychology,2017-01-01,20251220081842,990,7576
5002359,Pharmacology; Toxicology and Pharmaceutics,2024-01-01,20250430001407,25,80
3483313,Business; Management and Accounting,2019-01-01,20251224210126,3105,6549
4658235,Engineering,2023-01-01,20250503112315,35,123
2514421,Engineering,2014-01-01,20250426204716,114,690
3853102,Economics; Econometrics and Finance,2021-01-01,20250506181111,54,457
5175850,Materials Science,2025-01-01,20250430024243,15,58
4010360,Physics and Astronomy,2022-01-01,20250505094127,15,147
5041872,Environmental Science,2024-01-01,20250429143311,35,118
4679018,Environmental Science,2023-01-01,20250503195340,22,208
5709829,Social Sciences,2025-01-01,20251123050703,4,23
5025849,Arts and Humanities,2025-01-01,20250430092158,55,337
4282256,Economics; Econometrics and Finance,2022-01-01,20250505232053,118,797
4839908,Environmental Science,2024-01-01,20250430042548,26,147
5240534,Engineering,2025-01-01,20250525162244,5,57
4134483,Social Sciences,2022-01-01,20260102024842,298,1932
965824,Economics; Econometrics and Finance,2007-01-01,20260807184732,637,3067
4953967,Engineering,2024-01-01,20250429232731,20,101
4972388,Materials Science,2024-01-01,20250619214228,28,110
4691041,Engineering,2024-01-01,20250430010425,19,90
4980192,Economics; Econometrics and Finance,2024-01-01,20250430022550,15,125
259009,Decision Sciences,2001-01-01,20250214202024,2126,10445
3515043,Environmental Science,2020-01-01,20240605050721,172,926
2598238,Business; Management and Accounting,2015-01-01,20250426040324,72,1133
4810335,Business; Management and Accounting,2024-01-01,20250429094654,133,440
3882217,Social Sciences,2021-01-01,20240819235417,319,1274
275985,Business; Management and Accounting,2001-01-01,20250520133219,2598,16044
2276137,Economics; Econometrics and Finance,2013-01-01,20250426101534,94,832
4502091,Dentistry,2023-01-01,20250503125000,37,183
2233923,Business; Management and Accounting,2013-01-01,20250425164831,244,2145
4202222,Mathematics,2022-01-01,20220829031459,0,37
5103574,Business; Management and Accounting,2025-01-01,20250429073344,1,189
5142199,Chemistry,2025-01-01,20250429165411,7,50
5033586,Earth and Planetary Sciences,2024-01-01,20250430013016,15,96
2915698,Economics; Econometrics and Finance,2017-01-01,20250506172056,55,656
2235768,Social Sciences,2013-01-01,20250426224341,40,490
4541412,Social Sciences,2023-01-01,20250504020017,29,187
4681609,Materials Science,2024-01-01,20240428180104,13,66
2599064,Economics; Econometrics and Finance,2015-01-01,20250426004745,279,1376
261014,Economics; Econometrics and Finance,2001-01-01,20240710192759,72,1531
4349103,Engineering,2023-01-01,20250505025543,30,135
4471080,Social Sciences,2023-01-01,20250507095734,45,312
3055690,Economics; Econometrics and Finance,2017-01-01,20180603031929,10,95
4063138,Earth and Planetary Sciences,2022-01-01,20251111110059,79,287
2131192,Economics; Econometrics and Finance,2012-01-01,20250426013134,7,105
2160116,Business; Management and Accounting,2012-01-01,20250426094458,189,898
3998856,Chemistry,2022-01-01,20250507042015,35,174
1777282,Economics; Econometrics and Finance,2011-01-01,20250916224858,269,1863
4069604,Engineering,2022-01-01,20250505103903,23,173
2330791,Social Sciences,2013-01-01,20250117224350,64,697
2978195,Business; Management and Accounting,2017-01-01,20240712123423,181,2388
4989811,Chemical Engineering,2024-01-01,20250502084747,10,82
4586030,Computer Science,2023-01-01,20251013133020,44,226
3841219,Computer Science,2021-01-01,20250506194232,118,777
1426909,Social Sciences,2009-01-01,20250426062155,85,1064
4699792,Computer Science,2024-01-01,20240526133204,36,141
4376226,Engineering,2023-01-01,20250415121328,29,144
5637031,Economics; Econometrics and Finance,2025-01-01,20251121105127,8,40
4717649,Neuroscience,2024-01-01,20250429080225,19,102
3415775,Social Sciences,2019-01-01,20250506040848,273,2056
5223620,Mathematics,2025-01-01,20250501031558,4,41
2189661,Social Sciences,2012-01-01,20250426121148,75,804
4487586,Materials Science,2023-01-01,20250503143414,13,106
5274118,Social Sciences,2025-01-01,20260114182043,137,599
5055178,Engineering,2024-01-01,20250430040834,26,119
2690334,Economics; Econometrics and Finance,2015-01-01,20240605233219,92,610
4132454,Social Sciences,2022-01-01,20250506112735,78,378
999366,Business; Management and Accounting,2007-01-01,20251209213232,194,1458
4586652,Economics; Econometrics and Finance,2023-01-01,20260810170135,4316,11905
478046,Economics; Econometrics and Finance,2004-01-01,20240806044315,136,1102
4705627,Computer Science,2024-01-01,20250429175343,36,170
1322365,Business; Management and Accounting,2009-01-01,20250426064838,173,1594
1081491,Economics; Econometrics and Finance,2008-01-01,20250810195000,375,2079
5746122,Economics; Econometrics and Finance,2025-11-17,20251121210203,159,652
298742,Social Sciences,2002-01-01,20250425230209,687,6598
2443406,Economics; Econometrics and Finance,2014-01-01,20250426034504,146,809
5084450,Environmental Science,2025-01-01,20250501070330,16,159
648403,Economics; Econometrics and Finance,2005-01-01,20250425162506,226,2317
3950412,Social Sciences,2016-01-01,20250507042838,19,135
4177784,Environmental Science,2022-01-01,20250505073242,122,367
5169154,Business; Management and Accounting,2025-01-01,20250501101825,12,67
2374093,Business; Management and Accounting,2014-01-01,20251018142904,3937,27199
3063046,Social Sciences,2012-01-01,20250505180219,114,711
5136496,Engineering,2025-01-01,20250902161252,17,121
4954188,Social Sciences,2024-01-01,20250429130656,12,103
4206740,Engineering,2022-01-01,20240424210318,20,197
4626216,Business; Management and Accounting,2023-01-01,20240712133527,131,403
5355271,Computer Science,2025-01-01,20250717062441,2,9
4801466,Physics and Astronomy,2024-01-01,20250430231616,22,119
3630155,Economics; Econometrics and Finance,2020-01-01,20240814050705,76,552
5034534,Economics; Econometrics and Finance,2024-01-01,20250806165015,82,540
4024877,Environmental Science,2022-01-01,20250505161156,51,322
4098679,Computer Science,2022-01-01,20250505152229,36,242
4023168,Engineering,2022-01-01,20250506071157,86,329
4793889,Computer Science,2024-01-01,20250430031632,25,169
3866604,Biochemistry; Genetics and Molecular Biology,2021-01-01,20210630201050,3,39
2606911,Social Sciences,2015-01-01,20250506223254,155,828
3389483,Medicine,2019-01-01,20240615033816,32,997
5266081,Arts and Humanities,2025-01-01,20250609134538,14,107
911088,Business; Management and Accounting,2008-01-01,20250507214522,175,1151
4581335,Environmental Science,2023-01-01,20250504064429,28,120
5175642,Engineering,2025-01-01,20250501131528,37,105
4719499,Engineering,2024-01-01,20251213214300,21,121
914003,Economics; Econometrics and Finance,2006-01-01,20250427054920,229,1206
947330,Medicine,2006-01-01,20250426013119,2,99
4022862,Business; Management and Accounting,2022-01-01,20250507150820,354,1727
3888180,Economics; Econometrics and Finance,2020-01-01,20250927012425,40,363
4872886,Economics; Econometrics and Finance,2024-01-01,20250429181309,26,122
3464419,Medicine,2019-01-01,20250507033521,67,659
2364240,Social Sciences,2013-01-01,20250426204730,59,518
4949125,Social Sciences,2024-01-01,20250916004725,123,326
2139452,Social Sciences,2012-01-01,20250427094907,10,578
1685219,Economics; Econometrics and Finance,2008-01-01,20250426021943,61,536
1447894,Social Sciences,2009-01-01,20240710231523,50,381
928290,Economics; Econometrics and Finance,2006-01-01,20241227224621,934,3280
4235627,Social Sciences,2022-01-01,20250809160946,94,682
4100434,Economics; Econometrics and Finance,2022-01-01,20250506050421,57,287
3880066,Materials Science,2021-01-01,20250506045223,56,305
488523,Economics; Econometrics and Finance,2004-01-01,20250708194829,105,1044
815365,Business; Management and Accounting,2005-01-01,20240812035636,1433,4987
4449948,Engineering,2023-01-01,20240427034401,7,56
4380341,Social Sciences,2023-01-01,20250503220912,176,840
4681976,Environmental Science,2024-01-01,20250429204214,15,107
4707480,Environmental Science,2024-01-01,20250430152920,14,117
650463,Neuroscience,2005-01-01,20250425160909,318,3831
5678202,Economics; Econometrics and Finance,2025-01-01,20251119002436,4,36
4863648,Social Sciences,2024-01-01,20250910101635,55,329
4737504,Engineering,2024-01-01,20250430202242,20,143
1312022,Engineering,2008-01-01,20250426195125,177,2265
1872136,Psychology,2011-01-01,20240903111536,155,1045
5122721,Engineering,2025-01-01,20250429203231,11,71
878358,Social Sciences,2006-01-01,20250521142919,488,3601
252001,Economics; Econometrics and Finance,2000-01-01,20250506190048,148,1315
5049698,Engineering,2024-01-01,20250430191926,9,45
3975491,Social Sciences,2021-01-01,20211207105854,3,89
5201703,Engineering,2025-01-01,20250429102625,13,45
2134085,Engineering,2012-01-01,20250427015434,180,1251
2734643,Economics; Econometrics and Finance,2016-01-01,20240606112732,373,1435
4125705,Social Sciences,2023-01-01,20250503155322,18,207
2179123,Computer Science,2012-01-01,20250914044513,127,1710
4884881,Psychology,2024-01-01,20250619161532,27,128
428521,Economics; Econometrics and Finance,2003-01-01,20250426015529,151,1752
4895886,Engineering,2024-01-01,20250429143302,16,50
5084258,Agricultural and Biological Sciences,2025-01-01,20250503231912,23,194
324080,Environmental Science,2002-01-01,20251228061326,96,1287
2643956,Economics; Econometrics and Finance,2015-01-01,20250804193420,39,792
4334707,Materials Science,2023-01-01,20250503135510,23,131
4963862,Engineering,2024-01-01,20250501090814,32,213
5803723,Economics; Econometrics and Finance,2025-01-01,20251204053509,11,42
2856794,Business; Management and Accounting,2016-01-01,20251224092710,445,2871
2419950,Economics; Econometrics and Finance,2014-01-01,20250425230229,62,747
4423175,Environmental Science,2023-01-01,20250505141050,14,124
4474334,Social Sciences,2023-01-01,20250504164838,53,251
5857703,Engineering,2025-01-01,20251204234721,2,8
880766,Business; Management and Accounting,2006-01-01,20250426092743,550,3038
5091857,Economics; Econometrics and Finance,2025-01-01,20250430214225,13,155
3643210,Social Sciences,2020-01-01,20250802212921,433,1497
4677161,Social Sciences,2023-01-01,20260118014507,383,3310
4038111,Social Sciences,2022-01-01,20250505190207,34,195
2724467,Business; Management and Accounting,2016-01-01,20240503194710,135,878
5331115,Social Sciences,2025-01-01,20251206172751,82,1188
3198047,Business; Management and Accounting,2018-01-01,20240606165242,424,798
4664493,Engineering,2023-01-01,20240419092042,15,53
7210118,Engineering,2026-01-01,20260816113806,18,48
2380731,Social Sciences,2014-01-01,20251015011743,456,2609
4676857,Chemical Engineering,2023-01-01,20250615170357,18,124
3263647,Medicine,2018-01-01,20250507022830,79,474
5070459,Chemistry,2024-01-01,20250429091556,33,101
4775130,Environmental Science,2024-01-01,20240416174834,6,30
5720104,Business; Management and Accounting,2025-01-01,20251217032048,5,24
1927232,Business; Management and Accounting,2011-01-01,20250426053006,440,2209
3316174,Business; Management and Accounting,2019-01-01,20250510111931,130,1097
2710151,Business; Management and Accounting,2015-01-01,20250429061141,135,775
2264327,Economics; Econometrics and Finance,2013-01-01,20250426074555,220,1684
2663062,Economics; Econometrics and Finance,2015-01-01,20240711071803,94,1347
4593748,Medicine,2023-01-01,20240418004025,11,56
3968029,Computer Science,2021-01-01,20250508220102,49,201
1131562,Economics; Econometrics and Finance,2008-01-01,20250426065800,299,2412
2833680,Social Sciences,2016-01-01,20250524224757,654,4518
3755379,Health Professions,2020-01-01,20250507010715,46,381
1332784,Economics; Econometrics and Finance,2009-01-01,20250610064022,5287,22347
2392955,Decision Sciences,2014-01-01,20250426112707,158,681
4415648,Medicine,2023-01-01,20250505013934,22,177
4120234,Environmental Science,2022-01-01,20250505224957,23,155
3937605,Economics; Econometrics and Finance,2021-01-01,20250523045502,61,428
1294543,Energy,2008-01-01,20250506042158,171,1841
4090407,Medicine,2022-01-01,20250505174934,60,307
4447876,Economics; Econometrics and Finance,2023-01-01,20250506235258,11,89
3367619,Social Sciences,2019-01-01,20250510223807,427,1712
5940036,Engineering,2025-01-01,20251226114843,11,35
3857011,Social Sciences,2021-01-01,20240611192821,208,962
5042213,Engineering,2024-01-01,20250430213311,44,130
5496279,Economics; Econometrics and Finance,2025-01-01,20251013160610,14,63
2314094,Business; Management and Accounting,2013-01-01,20251203230714,3977,7946
2407155,Social Sciences,2014-01-01,20250523021616,75,784
5060314,Chemistry,2024-01-01,20250502135822,14,74
5002024,Environmental Science,2024-01-01,20250429230718,11,79
4419052,Social Sciences,2023-01-01,20250415062323,71,314
2479011,Business; Management and Accounting,2014-01-01,20240429071245,208,1941
4805766,Physics and Astronomy,2024-01-01,20250430052216,15,156
4210939,Chemistry,2022-01-01,20250505193421,27,188
3388073,Social Sciences,2019-01-01,20250513070700,47,545
2337571,Economics; Econometrics and Finance,2013-01-01,20250515103824,1288,5355
4972332,Materials Science,2024-01-01,20241002020739,1,3
2978472,Economics; Econometrics and Finance,2017-01-01,20230308083715,105,635
4330155,Engineering,2023-01-01,20250429101848,23,157
4579546,Pharmacology; Toxicology and Pharmaceutics,2023-01-01,20250726090044,33,199
3064099,Economics; Econometrics and Finance,2017-01-01,20250426020940,75,773
1091612,Economics; Econometrics and Finance,2008-01-01,20250516021829,935,2503
2314134,Business; Management and Accounting,2013-01-01,20250910201313,242,1195
3691171,Psychology,2020-01-01,20241115104532,351,1201
3339701,Computer Science,2019-01-01,20250510161311,96,463
4713424,Environmental Science,2024-01-01,20240413172002,9,46
1884597,Business; Management and Accounting,2010-01-01,20250426123312,77,783
1543980,Social Sciences,2010-01-01,20250401015633,188,1029
4441192,Agricultural and Biological Sciences,2023-01-01,20250504113103,26,128
2944715,Environmental Science,2018-01-01,20250930004057,52,635
4007622,Economics; Econometrics and Finance,2022-01-01,20250506142530,335,969
2834627,Biochemistry; Genetics and Molecular Biology,2016-01-01,20250427044008,135,1817
3716255,Business; Management and Accounting,2019-01-01,20251110221015,141,791
4312783,Earth and Planetary Sciences,2022-01-01,20250505163746,15,135
2477851,Social Sciences,2014-01-01,20241222192125,64,1036
1302893,Social Sciences,2008-01-01,20251014223709,345,2323
4566729,Engineering,2023-01-01,20250503144800,19,96
2742320,Social Sciences,2016-01-01,20250910233000,258,1605
1810833,Social Sciences,2011-01-01,20250331044044,673,4640
4309006,Social Sciences,2022-01-01,20260822122338,72,745
3316490,Economics; Econometrics and Finance,2019-01-01,20250513075124,170,945
2072696,Economics; Econometrics and Finance,2012-01-01,20250425175112,1194,4759
3353226,Neuroscience,2019-01-01,20260801103331,71,1456
2793952,Economics; Econometrics and Finance,2016-01-01,20260203062919,145,767
4478008,Medicine,2023-01-01,20250503162705,45,233
4856184,Social Sciences,2024-01-01,20240731021747,11,102
1005524,Social Sciences,2007-01-01,20260202070308,328,2092
1299584,Economics; Econometrics and Finance,2008-01-01,20251124085404,466,3920
3688308,Social Sciences,2020-01-01,20231119150817,83,488
4586119,Immunology and Microbiology,2023-01-01,20250503151318,16,157
4757014,Economics; Econometrics and Finance,2024-01-01,20250403094117,41,154
3400767,Social Sciences,2019-01-01,20250512142446,44,610
4630745,Chemistry,2023-01-01,20250516015455,21,139
3589216,Business; Management and Accounting,2020-01-01,20250910193649,70,529
2966272,Social Sciences,2017-01-01,20250911234132,344,1764
4931098,Economics; Econometrics and Finance,2024-01-01,20250429105616,12,70
4702805,Materials Science,2024-01-01,20240415192121,18,53
4594140,Engineering,2023-01-01,20250507005037,16,93
3769886,Social Sciences,2021-01-01,20250520110012,118,745
5018942,Agricultural and Biological Sciences,2024-01-01,20250617180352,29,103
5296548,Social Sciences,2025-01-01,20251210014021,14,625
4991323,Engineering,2024-01-01,20250430044155,16,74
4983889,Engineering,2024-01-01,20250430075228,30,127
3750214,Mathematics,2021-01-01,20251017105237,111,1409
6092066,Economics; Econometrics and Finance,2026-01-01,20260707165430,609,1977
5163946,Engineering,2025-01-01,20250429082511,14,54
3954816,Engineering,2021-01-01,20251127145434,39,305
5096264,Business; Management and Accounting,2025-01-01,20260131205622,174,1029
5018536,Physics and Astronomy,2025-01-01,20250429235154,47,319
5884809,Environmental Science,2025-01-01,20251210164549,1,9
2743780,Economics; Econometrics and Finance,2016-01-01,20250426012611,128,875
4707990,Earth and Planetary Sciences,2024-01-01,20260122074249,65,468
4339331,Business; Management and Accounting,2023-01-01,20250927111550,126,469
4225538,Engineering,2022-01-01,20250505155440,43,231
5201936,Physics and Astronomy,2025-01-01,20250429215519,12,50
4476491,Engineering,2023-01-01,20240416124107,15,81
3021955,Business; Management and Accounting,2017-01-01,20250915225643,108,732
4003914,Materials Science,2022-01-01,20250505164406,29,203
4856366,Engineering,2024-01-01,20250331083940,10,56
5101366,Environmental Science,2025-01-01,20250429082508,6,76
3419053,Health Professions,2019-01-01,20240725070752,78,741
467421,Social Sciences,2004-01-01,20251112020339,164,2397
4106101,Environmental Science,2022-01-01,20250505150242,38,197
4770756,Environmental Science,2024-01-01,20250429172915,56,286
4210527,Engineering,2022-01-01,20250505041245,51,410
3313482,Engineering,2018-01-01,20250510154818,151,1088
2805065,Social Sciences,2016-01-01,20250425225429,84,1300
4417016,Chemistry,2023-01-01,20250505192810,36,152
321160,Social Sciences,2002-01-01,20251124105352,158,2358
4690700,Agricultural and Biological Sciences,2024-01-01,20250618164652,19,163
2674060,Economics; Econometrics and Finance,2015-01-01,20250425174009,167,1430
4066167,Mathematics,2022-01-01,20250505202230,40,231
4915412,Materials Science,2024-01-01,20250619142022,8,93
1601240,Social Sciences,2010-01-01,20250425163923,98,1023
2407642,Economics; Econometrics and Finance,2014-01-01,20250426231109,299,1415
3586659,Medicine,2020-01-01,20250706145733,75,554
1313368,Social Sciences,2008-01-01,20250426105148,82,1105
2758713,Decision Sciences,2016-01-01,20250425184130,308,1421
3700649,Business; Management and Accounting,2020-01-01,20250517035747,486,3109
2364641,Economics; Econometrics and Finance,2013-01-01,20250427001409,161,1204
3408010,Social Sciences,2019-01-01,20260129063410,2008,13799
3498493,Economics; Econometrics and Finance,2019-01-01,20250510102511,152,921
1844204,Economics; Econometrics and Finance,2011-01-01,20250426143503,205,1256
